{"mean":{"confidence_interval":{"confidence_level":0.95,"lower_bound":-0.050047450656806304,"upper_bound":0.30580532856851717},"point_estimate":0.10150003392656615,"standard_error":0.0906446426302669},"median":{"confidence_interval":{"confidence_level":0.95,"lower_bound":0.07892173331997432,"upper_bound":0.24006339310639047},"point_estimate":0.1839238080166885,"standard_error":0.04829329435007978}}