{"mean":{"confidence_interval":{"confidence_level":0.95,"lower_bound":23347822060.451668,"upper_bound":24758856951.166668},"point_estimate":24167286979.533333,"standard_error":367931768.8230281},"median":{"confidence_interval":{"confidence_level":0.95,"lower_bound":24494996265.0,"upper_bound":25208515018.5},"point_estimate":24598487409.5,"standard_error":215212446.55984426},"median_abs_dev":{"confidence_interval":{"confidence_level":0.95,"lower_bound":146565067.5802499,"upper_bound":1086166686.7935867},"point_estimate":904426917.0466125,"standard_error":261013979.50433573},"slope":null,"std_dev":{"confidence_interval":{"confidence_level":0.95,"lower_bound":588253511.8535998,"upper_bound":3159642524.962631},"point_estimate":2057395132.3492894,"standard_error":740295094.2247893}}