{"mean":{"confidence_interval":{"confidence_level":0.95,"lower_bound":-0.003990928986671863,"upper_bound":0.008836473108468761},"point_estimate":0.0027400305199607455,"standard_error":0.0032760676041609063},"median":{"confidence_interval":{"confidence_level":0.95,"lower_bound":-0.003026102303849143,"upper_bound":0.011853345045036597},"point_estimate":0.005191508798434885,"standard_error":0.003975236233509438}}