{"mean":{"confidence_interval":{"confidence_level":0.95,"lower_bound":28213054541.90667,"upper_bound":28653014768.77},"point_estimate":28440312523.166668,"standard_error":112474405.3555755},"median":{"confidence_interval":{"confidence_level":0.95,"lower_bound":28068479341.0,"upper_bound":29011942547.5},"point_estimate":28103767472.0,"standard_error":395657343.93157834},"median_abs_dev":{"confidence_interval":{"confidence_level":0.95,"lower_bound":75955065.90812802,"upper_bound":1363870111.9968653},"point_estimate":1276994406.6793175,"standard_error":442203642.36476415},"slope":null,"std_dev":{"confidence_interval":{"confidence_level":0.95,"lower_bound":494083990.9841947,"upper_bound":745509591.5277954},"point_estimate":627896044.0949812,"standard_error":67193934.52241002}}