{"mean":{"confidence_interval":{"confidence_level":0.95,"lower_bound":1591800822.7016668,"upper_bound":1652416007.4625},"point_estimate":1622625168.7,"standard_error":15432844.82396905},"median":{"confidence_interval":{"confidence_level":0.95,"lower_bound":1605010312.5,"upper_bound":1660352865.5},"point_estimate":1652745088.0,"standard_error":18799248.029840793},"median_abs_dev":{"confidence_interval":{"confidence_level":0.95,"lower_bound":42463200.70232749,"upper_bound":123673680.99125326},"point_estimate":74921430.56497872,"standard_error":20457160.507319905},"slope":null,"std_dev":{"confidence_interval":{"confidence_level":0.95,"lower_bound":63086961.97132293,"upper_bound":103675598.05370736},"point_estimate":86146192.46347389,"standard_error":10272869.35276252}}