{"mean":{"confidence_interval":{"confidence_level":0.95,"lower_bound":1746988017.4466667,"upper_bound":1757300570.7758334},"point_estimate":1752085752.2,"standard_error":2628051.0681579737},"median":{"confidence_interval":{"confidence_level":0.95,"lower_bound":1744503439.5,"upper_bound":1756360384.0},"point_estimate":1752029213.0,"standard_error":3401118.9650768605},"median_abs_dev":{"confidence_interval":{"confidence_level":0.95,"lower_bound":7600413.848465681,"upper_bound":19974906.359374523},"point_estimate":14534366.391563416,"standard_error":3314127.179455948},"slope":null,"std_dev":{"confidence_interval":{"confidence_level":0.95,"lower_bound":10460198.791010858,"upper_bound":18082445.070527587},"point_estimate":14654990.496842308,"standard_error":1946380.88813283}}