{"mean":{"confidence_interval":{"confidence_level":0.95,"lower_bound":476794847.65,"upper_bound":479073757.64250004},"point_estimate":477902392.96666664,"standard_error":578640.363420797},"median":{"confidence_interval":{"confidence_level":0.95,"lower_bound":476166003.0,"upper_bound":479326556.0},"point_estimate":477926946.5,"standard_error":750416.0258944819},"median_abs_dev":{"confidence_interval":{"confidence_level":0.95,"lower_bound":1877066.453075409,"upper_bound":4415855.822002888},"point_estimate":3022813.7823343277,"standard_error":642862.9572609956},"slope":null,"std_dev":{"confidence_interval":{"confidence_level":0.95,"lower_bound":2277438.1720542633,"upper_bound":4073715.8182046637},"point_estimate":3209555.002148327,"standard_error":472974.0093945408}}