{"mean":{"confidence_interval":{"confidence_level":0.95,"lower_bound":8486020299.64,"upper_bound":8615819454.791666},"point_estimate":8551808983.666667,"standard_error":33077958.507511217},"median":{"confidence_interval":{"confidence_level":0.95,"lower_bound":8487654544.0,"upper_bound":8680729074.5},"point_estimate":8535775205.0,"standard_error":49978773.4663999},"median_abs_dev":{"confidence_interval":{"confidence_level":0.95,"lower_bound":110254285.37739515,"upper_bound":322140271.14486694},"point_estimate":233452380.91429174,"standard_error":52292890.053516574},"slope":null,"std_dev":{"confidence_interval":{"confidence_level":0.95,"lower_bound":144035694.73441583,"upper_bound":213516732.32217386},"point_estimate":183942256.6028066,"standard_error":17764457.140768923}}