{"mean":{"confidence_interval":{"confidence_level":0.95,"lower_bound":2642952199.4416666,"upper_bound":2721531310.5991664},"point_estimate":2682471909.366667,"standard_error":19990641.74310372},"median":{"confidence_interval":{"confidence_level":0.95,"lower_bound":2616760191.5,"upper_bound":2734098666.0},"point_estimate":2692111812.0,"standard_error":31264772.2524659},"median_abs_dev":{"confidence_interval":{"confidence_level":0.95,"lower_bound":75887687.66972423,"upper_bound":175831328.6404699},"point_estimate":126490771.4251399,"standard_error":26093557.481102906},"slope":null,"std_dev":{"confidence_interval":{"confidence_level":0.95,"lower_bound":87280776.3257873,"upper_bound":130951801.94356184},"point_estimate":111640103.81425717,"standard_error":11106345.243266813}}