{"mean":{"confidence_interval":{"confidence_level":0.95,"lower_bound":-0.014347598643391864,"upper_bound":0.07011393698284361},"point_estimate":0.030362043725354892,"standard_error":0.02150695040802038},"median":{"confidence_interval":{"confidence_level":0.95,"lower_bound":0.01795371707861282,"upper_bound":0.09596716557730489},"point_estimate":0.0593289258659937,"standard_error":0.018206914960486913}}