{"mean":{"confidence_interval":{"confidence_level":0.95,"lower_bound":1590699036.2283332,"upper_bound":1647986421.4083333},"point_estimate":1621002529.4666667,"standard_error":14638605.600607358},"median":{"confidence_interval":{"confidence_level":0.95,"lower_bound":1617062029.5,"upper_bound":1659549102.0},"point_estimate":1646242308.5,"standard_error":9876517.476457993},"median_abs_dev":{"confidence_interval":{"confidence_level":0.95,"lower_bound":25809344.970792532,"upper_bound":95526860.7476592},"point_estimate":54664123.751717806,"standard_error":18542688.97691608},"slope":null,"std_dev":{"confidence_interval":{"confidence_level":0.95,"lower_bound":51744194.72222502,"upper_bound":103590863.74081974},"point_estimate":81668685.24737409,"standard_error":13264315.779801276}}