{"mean":{"confidence_interval":{"confidence_level":0.95,"lower_bound":4705220051.18,"upper_bound":4790455582.556667},"point_estimate":4750896437.233334,"standard_error":21895734.987454705},"median":{"confidence_interval":{"confidence_level":0.95,"lower_bound":4746885504.5,"upper_bound":4815558563.0},"point_estimate":4798549512.0,"standard_error":17629840.330121525},"median_abs_dev":{"confidence_interval":{"confidence_level":0.95,"lower_bound":23088312.930500507,"upper_bound":115968392.46844947},"point_estimate":50354406.52053058,"standard_error":25527553.126069367},"slope":null,"std_dev":{"confidence_interval":{"confidence_level":0.95,"lower_bound":66012053.44370876,"upper_bound":160484388.49934876},"point_estimate":121549301.72118768,"standard_error":23865329.065428384}}