{"mean":{"confidence_interval":{"confidence_level":0.95,"lower_bound":-0.05982993723606358,"upper_bound":-0.003152186040994871},"point_estimate":-0.025342208387656107,"standard_error":0.01592626460093286},"median":{"confidence_interval":{"confidence_level":0.95,"lower_bound":-0.0199334837125541,"upper_bound":0.0031461343290146715},"point_estimate":-0.011315894287435846,"standard_error":0.0060431969531039706}}