{"mean":{"confidence_interval":{"confidence_level":0.95,"lower_bound":48952084930.6,"upper_bound":49525252646.370834},"point_estimate":49245648195.8,"standard_error":146585181.43321082},"median":{"confidence_interval":{"confidence_level":0.95,"lower_bound":49126474297.5,"upper_bound":49877103392.5},"point_estimate":49170985985.0,"standard_error":213527954.63880017},"median_abs_dev":{"confidence_interval":{"confidence_level":0.95,"lower_bound":226698369.3060994,"upper_bound":1429480258.7521524},"point_estimate":1228013747.6423979,"standard_error":289091612.0634673},"slope":null,"std_dev":{"confidence_interval":{"confidence_level":0.95,"lower_bound":619856857.6660959,"upper_bound":984884627.2483356},"point_estimate":817157442.277556,"standard_error":94242763.12111217}}