{"mean":{"confidence_interval":{"confidence_level":0.95,"lower_bound":4600103386.788333,"upper_bound":4703311769.157499},"point_estimate":4652455075.3,"standard_error":26291834.717801817},"median":{"confidence_interval":{"confidence_level":0.95,"lower_bound":4651749621.5,"upper_bound":4699894832.5},"point_estimate":4680772242.5,"standard_error":17182132.921250753},"median_abs_dev":{"confidence_interval":{"confidence_level":0.95,"lower_bound":30240953.417515755,"upper_bound":245498210.6630355},"point_estimate":89126133.43939483,"standard_error":62066688.715586685},"slope":null,"std_dev":{"confidence_interval":{"confidence_level":0.95,"lower_bound":108231528.29787362,"upper_bound":174985383.14876783},"point_estimate":146525858.85178927,"standard_error":16935113.427596703}}