{"mean":{"confidence_interval":{"confidence_level":0.95,"lower_bound":1611186811.9,"upper_bound":1665784294.475},"point_estimate":1638630781.2666667,"standard_error":13947218.497744996},"median":{"confidence_interval":{"confidence_level":0.95,"lower_bound":1597444067.5,"upper_bound":1687993039.5},"point_estimate":1637911273.0,"standard_error":27262908.76044712},"median_abs_dev":{"confidence_interval":{"confidence_level":0.95,"lower_bound":52576847.602674365,"upper_bound":118285066.1223203},"point_estimate":99543380.49065173,"standard_error":16572884.653018348},"slope":null,"std_dev":{"confidence_interval":{"confidence_level":0.95,"lower_bound":61825044.467844814,"upper_bound":90496667.47252898},"point_estimate":78004896.70310761,"standard_error":7319847.683730349}}