{"mean":{"confidence_interval":{"confidence_level":0.95,"lower_bound":3493174670.0074997,"upper_bound":3518601205.2616663},"point_estimate":3505933051.8,"standard_error":6467409.162039746},"median":{"confidence_interval":{"confidence_level":0.95,"lower_bound":3496242754.0,"upper_bound":3516283716.5},"point_estimate":3509324527.0,"standard_error":5333142.870500484},"median_abs_dev":{"confidence_interval":{"confidence_level":0.95,"lower_bound":14333422.945430875,"upper_bound":43517051.2961179},"point_estimate":28240487.944731116,"standard_error":7261541.4667011965},"slope":null,"std_dev":{"confidence_interval":{"confidence_level":0.95,"lower_bound":23772779.85021242,"upper_bound":46334823.02657223},"point_estimate":36089478.8330631,"standard_error":5772854.561587248}}