{"mean":{"confidence_interval":{"confidence_level":0.95,"lower_bound":-0.3857615832243546,"upper_bound":-0.10202717417330694},"point_estimate":-0.2691389310977881,"standard_error":0.07274936205670837},"median":{"confidence_interval":{"confidence_level":0.95,"lower_bound":-0.5048213930707913,"upper_bound":-0.18730773403142087},"point_estimate":-0.4699178250791388,"standard_error":0.08197029001789971}}