{"mean":{"confidence_interval":{"confidence_level":0.95,"lower_bound":-0.013490111836308097,"upper_bound":0.004112789425767637},"point_estimate":-0.004887591546690717,"standard_error":0.004489523837739213},"median":{"confidence_interval":{"confidence_level":0.95,"lower_bound":-0.015396621320870607,"upper_bound":0.006340792093376679},"point_estimate":-0.006161231285285895,"standard_error":0.00475765830370802}}