{"mean":{"confidence_interval":{"confidence_level":0.95,"lower_bound":9216054998.26,"upper_bound":11435676680.228334},"point_estimate":10306241237.233334,"standard_error":568107756.0182164},"median":{"confidence_interval":{"confidence_level":0.95,"lower_bound":7545346026.0,"upper_bound":13458608335.5},"point_estimate":8056792720.0,"standard_error":1975531658.3949919},"median_abs_dev":{"confidence_interval":{"confidence_level":0.95,"lower_bound":127918659.75328982,"upper_bound":4541627930.518887},"point_estimate":902112668.1849986,"standard_error":1391358962.0507245},"slope":null,"std_dev":{"confidence_interval":{"confidence_level":0.95,"lower_bound":2736986839.726081,"upper_bound":3313097428.524926},"point_estimate":3152090376.2810254,"standard_error":145597804.70128617}}