{"mean":{"confidence_interval":{"confidence_level":0.95,"lower_bound":-0.3468396134126365,"upper_bound":-0.18584748736522638},"point_estimate":-0.2620208534070756,"standard_error":0.042278484906111},"median":{"confidence_interval":{"confidence_level":0.95,"lower_bound":-0.46955606455749954,"upper_bound":-0.02942100674059822},"point_estimate":-0.41089745674897926,"standard_error":0.14135574622893077}}