{"mean":{"confidence_interval":{"confidence_level":0.95,"lower_bound":14270045903.524168,"upper_bound":14349479877.7025},"point_estimate":14311364834.633333,"standard_error":20343551.93885825},"median":{"confidence_interval":{"confidence_level":0.95,"lower_bound":14290951232.5,"upper_bound":14383142112.0},"point_estimate":14331412290.5,"standard_error":23620047.69191658},"median_abs_dev":{"confidence_interval":{"confidence_level":0.95,"lower_bound":61257708.40585828,"upper_bound":157515558.76948935},"point_estimate":106001473.29839766,"standard_error":24229123.113530345},"slope":null,"std_dev":{"confidence_interval":{"confidence_level":0.95,"lower_bound":79166627.15007205,"upper_bound":138581811.7774669},"point_estimate":113746751.8538756,"standard_error":15227036.135152001}}