{"mean":{"confidence_interval":{"confidence_level":0.95,"lower_bound":28560796959.366665,"upper_bound":28965900679.450836},"point_estimate":28764900449.1,"standard_error":103924118.73334199},"median":{"confidence_interval":{"confidence_level":0.95,"lower_bound":28263916482.0,"upper_bound":29257309712.5},"point_estimate":29237100900.5,"standard_error":429538709.2373291},"median_abs_dev":{"confidence_interval":{"confidence_level":0.95,"lower_bound":28318388.936448097,"upper_bound":1426874151.19012},"point_estimate":136683016.1391914,"standard_error":373636306.2000501},"slope":null,"std_dev":{"confidence_interval":{"confidence_level":0.95,"lower_bound":475785648.90910053,"upper_bound":686326530.402444},"point_estimate":578377091.3566439,"standard_error":58226408.365635276}}