{"mean":{"confidence_interval":{"confidence_level":0.95,"lower_bound":1611618076.2158334,"upper_bound":1670303823.9933333},"point_estimate":1642877761.5666666,"standard_error":15047719.945793845},"median":{"confidence_interval":{"confidence_level":0.95,"lower_bound":1636533138.5,"upper_bound":1683737812.0},"point_estimate":1660851302.0,"standard_error":13865115.24750698},"median_abs_dev":{"confidence_interval":{"confidence_level":0.95,"lower_bound":36054108.56501162,"upper_bound":99509669.87375021},"point_estimate":66648590.91145098,"standard_error":17201375.20852175},"slope":null,"std_dev":{"confidence_interval":{"confidence_level":0.95,"lower_bound":50935124.63049658,"upper_bound":112915780.75712948},"point_estimate":84002508.74236122,"standard_error":16492102.492059207}}