{"mean":{"confidence_interval":{"confidence_level":0.95,"lower_bound":86280564690.10083,"upper_bound":87308492249.84416},"point_estimate":86802021399.43333,"standard_error":262812738.65713605},"median":{"confidence_interval":{"confidence_level":0.95,"lower_bound":86008050133.0,"upper_bound":87578763788.0},"point_estimate":86874007468.0,"standard_error":294869787.3724735},"median_abs_dev":{"confidence_interval":{"confidence_level":0.95,"lower_bound":953119393.4897482,"upper_bound":2275103751.5285344},"point_estimate":1575446539.7854328,"standard_error":294125568.83273023},"slope":null,"std_dev":{"confidence_interval":{"confidence_level":0.95,"lower_bound":1120257825.0515757,"upper_bound":1735995722.463121},"point_estimate":1467694862.44346,"standard_error":157743954.79053658}}