{"mean":{"confidence_interval":{"confidence_level":0.95,"lower_bound":-0.014644238246312268,"upper_bound":0.2545471935406405},"point_estimate":0.10442586655040342,"standard_error":0.068649487917604},"median":{"confidence_interval":{"confidence_level":0.95,"lower_bound":-0.054477746273131844,"upper_bound":0.468017688082901},"point_estimate":0.11768461806459318,"standard_error":0.17807664533196918}}