{"mean":{"confidence_interval":{"confidence_level":0.95,"lower_bound":4695931597.964167,"upper_bound":4782381843.4975},"point_estimate":4740626565.233334,"standard_error":22043832.952633247},"median":{"confidence_interval":{"confidence_level":0.95,"lower_bound":4683589383.5,"upper_bound":4817594491.0},"point_estimate":4739879097.5,"standard_error":40110596.40149259},"median_abs_dev":{"confidence_interval":{"confidence_level":0.95,"lower_bound":68111098.69028628,"upper_bound":174417848.9601642},"point_estimate":129194293.2184428,"standard_error":26822020.54635748},"slope":null,"std_dev":{"confidence_interval":{"confidence_level":0.95,"lower_bound":87749617.82775456,"upper_bound":153714885.8631621},"point_estimate":122439881.25696857,"standard_error":17263940.182745695}}