{"mean":{"confidence_interval":{"confidence_level":0.95,"lower_bound":15989724781.224167,"upper_bound":16219386068.962502},"point_estimate":16108461080.533333,"standard_error":58568780.77501639},"median":{"confidence_interval":{"confidence_level":0.95,"lower_bound":15890688112.0,"upper_bound":16379693244.0},"point_estimate":16167939931.5,"standard_error":122977575.55943649},"median_abs_dev":{"confidence_interval":{"confidence_level":0.95,"lower_bound":108356410.63368917,"upper_bound":493999386.8012577},"point_estimate":379708110.6817335,"standard_error":95312706.3926096},"slope":null,"std_dev":{"confidence_interval":{"confidence_level":0.95,"lower_bound":242164396.84133536,"upper_bound":391510569.6435449},"point_estimate":326261792.88105226,"standard_error":38456664.75762009}}