{"mean":{"confidence_interval":{"confidence_level":0.95,"lower_bound":-0.3013545570878672,"upper_bound":0.06674592043390726},"point_estimate":-0.14439397693524425,"standard_error":0.0948279390528016},"median":{"confidence_interval":{"confidence_level":0.95,"lower_bound":-0.3791889567043142,"upper_bound":0.06053584075761487},"point_estimate":-0.17849947832798918,"standard_error":0.13284652455098853}}