{"mean":{"confidence_interval":{"confidence_level":0.95,"lower_bound":2111177164.4833333,"upper_bound":2555036533.1541667},"point_estimate":2345975300.866667,"standard_error":113687533.32434152},"median":{"confidence_interval":{"confidence_level":0.95,"lower_bound":2440082463.5,"upper_bound":2706134218.5},"point_estimate":2637274396.0,"standard_error":68771381.65702993},"median_abs_dev":{"confidence_interval":{"confidence_level":0.95,"lower_bound":122297634.51399307,"upper_bound":522895811.07414365},"point_estimate":258841204.19375002,"standard_error":99065852.27765633},"slope":null,"std_dev":{"confidence_interval":{"confidence_level":0.95,"lower_bound":417056968.7559555,"upper_bound":753403568.3348099},"point_estimate":630950880.401516,"standard_error":86741362.10759647}}