{"mean":{"confidence_interval":{"confidence_level":0.95,"lower_bound":0.1849792596686949,"upper_bound":0.2951695704714292},"point_estimate":0.23503046056095767,"standard_error":0.028111497121273907},"median":{"confidence_interval":{"confidence_level":0.95,"lower_bound":0.14141295811609123,"upper_bound":0.26416825565842195},"point_estimate":0.18879621445819872,"standard_error":0.030818352664829164}}