{"mean":{"confidence_interval":{"confidence_level":0.95,"lower_bound":4180727358.6941667,"upper_bound":5175328702.901667},"point_estimate":4648670478.433333,"standard_error":255703842.3536446},"median":{"confidence_interval":{"confidence_level":0.95,"lower_bound":3787043871.5,"upper_bound":4247360328.0},"point_estimate":3826049868.5,"standard_error":148889052.58160314},"median_abs_dev":{"confidence_interval":{"confidence_level":0.95,"lower_bound":49381763.11639845,"upper_bound":796460531.764099},"point_estimate":154441438.50311637,"standard_error":216905644.48281515},"slope":null,"std_dev":{"confidence_interval":{"confidence_level":0.95,"lower_bound":914726916.4994404,"upper_bound":1724093736.8745892},"point_estimate":1426678283.127928,"standard_error":207536493.12729356}}