{"mean":{"confidence_interval":{"confidence_level":0.95,"lower_bound":8287099197.181667,"upper_bound":8645417891.986668},"point_estimate":8506501327.133333,"standard_error":96706988.10622758},"median":{"confidence_interval":{"confidence_level":0.95,"lower_bound":8561194436.0,"upper_bound":8676968639.5},"point_estimate":8631214006.0,"standard_error":31053715.650625728},"median_abs_dev":{"confidence_interval":{"confidence_level":0.95,"lower_bound":73841217.11975634,"upper_bound":235345035.4234904},"point_estimate":174878939.0345782,"standard_error":42530575.096988805},"slope":null,"std_dev":{"confidence_interval":{"confidence_level":0.95,"lower_bound":120709315.815138,"upper_bound":877504747.5084332},"point_estimate":539319134.2159613,"standard_error":247729023.80949053}}