{"mean":{"confidence_interval":{"confidence_level":0.95,"lower_bound":48733158021.58667,"upper_bound":49469070139.21166},"point_estimate":49108872220.1,"standard_error":187649438.39082378},"median":{"confidence_interval":{"confidence_level":0.95,"lower_bound":48746655218.0,"upper_bound":49737523865.5},"point_estimate":49109497436.0,"standard_error":359710355.0978737},"median_abs_dev":{"confidence_interval":{"confidence_level":0.95,"lower_bound":312412885.27436256,"upper_bound":1492347299.777439},"point_estimate":931111967.8461581,"standard_error":312684484.47020346},"slope":null,"std_dev":{"confidence_interval":{"confidence_level":0.95,"lower_bound":747595417.4398283,"upper_bound":1268161606.6587887},"point_estimate":1043992111.3173933,"standard_error":132674195.49017546}}