{"mean":{"confidence_interval":{"confidence_level":0.95,"lower_bound":2658876753.9083333,"upper_bound":2731184693.455},"point_estimate":2696505932.2,"standard_error":18494212.95840963},"median":{"confidence_interval":{"confidence_level":0.95,"lower_bound":2674932681.0,"upper_bound":2744025130.0},"point_estimate":2712936733.0,"standard_error":19017708.606628183},"median_abs_dev":{"confidence_interval":{"confidence_level":0.95,"lower_bound":43114421.34327864,"upper_bound":149752515.1940614},"point_estimate":65806996.00159228,"standard_error":26539294.961547412},"slope":null,"std_dev":{"confidence_interval":{"confidence_level":0.95,"lower_bound":70734340.02805065,"upper_bound":129919203.451714},"point_estimate":103155037.35780992,"standard_error":15238779.942341754}}