{"mean":{"confidence_interval":{"confidence_level":0.95,"lower_bound":57720187384.39917,"upper_bound":60812495214.19833},"point_estimate":58959907044.46667,"standard_error":821289194.6074408},"median":{"confidence_interval":{"confidence_level":0.95,"lower_bound":57555070926.0,"upper_bound":58033107110.5},"point_estimate":57816779946.0,"standard_error":114971268.26466355},"median_abs_dev":{"confidence_interval":{"confidence_level":0.95,"lower_bound":300141526.12412274,"upper_bound":678218459.5584154},"point_estimate":486742187.4336988,"standard_error":97479209.7244195},"slope":null,"std_dev":{"confidence_interval":{"confidence_level":0.95,"lower_bound":347010353.28446203,"upper_bound":7008758534.232706},"point_estimate":4560236016.210782,"standard_error":1826971693.8873677}}