{"mean":{"confidence_interval":{"confidence_level":0.95,"lower_bound":48391194639.325005,"upper_bound":49084564302.36417},"point_estimate":48738056423.23333,"standard_error":176929191.52210438},"median":{"confidence_interval":{"confidence_level":0.95,"lower_bound":48214078489.0,"upper_bound":49245381188.5},"point_estimate":48993259567.0,"standard_error":408712408.0136841},"median_abs_dev":{"confidence_interval":{"confidence_level":0.95,"lower_bound":373167634.24125016,"upper_bound":1505794110.8887105},"point_estimate":1155213845.7336545,"standard_error":324969046.1125032},"slope":null,"std_dev":{"confidence_interval":{"confidence_level":0.95,"lower_bound":775057790.6453997,"upper_bound":1140036635.217817},"point_estimate":986661223.0171759,"standard_error":93162199.6810531}}