{"mean":{"confidence_interval":{"confidence_level":0.95,"lower_bound":84102692251.025,"upper_bound":87498040382.22333},"point_estimate":86200079490.3,"standard_error":935684617.4478841},"median":{"confidence_interval":{"confidence_level":0.95,"lower_bound":86590171459.0,"upper_bound":87610251211.5},"point_estimate":86629218505.5,"standard_error":419931226.7237199},"median_abs_dev":{"confidence_interval":{"confidence_level":0.95,"lower_bound":639634947.2236097,"upper_bound":2118578012.4545217},"point_estimate":1454479064.0934348,"standard_error":334690279.5576825},"slope":null,"std_dev":{"confidence_interval":{"confidence_level":0.95,"lower_bound":1083553651.9238596,"upper_bound":8556000464.593173},"point_estimate":5206960056.5863695,"standard_error":2509449680.838392}}