{"mean":{"confidence_interval":{"confidence_level":0.95,"lower_bound":1911431298.2391667,"upper_bound":2308479872.01},"point_estimate":2087238162.5333333,"standard_error":102536189.57195233},"median":{"confidence_interval":{"confidence_level":0.95,"lower_bound":1845089939.0,"upper_bound":1874463909.5},"point_estimate":1855439261.5,"standard_error":11457957.561487626},"median_abs_dev":{"confidence_interval":{"confidence_level":0.95,"lower_bound":18156994.903948903,"upper_bound":73788983.64008367},"point_estimate":30616582.722947,"standard_error":16810841.160510637},"slope":null,"std_dev":{"confidence_interval":{"confidence_level":0.95,"lower_bound":162520526.057124,"upper_bound":801523969.5329505},"point_estimate":567534836.8452563,"standard_error":154049003.39831847}}